imdb_title_id,title,original_title,year,date_published,genre,duration,country,language,director,writer,production_company,actors,description,avg_vote,votes,budget,usa_gross_income,worlwide_gross_income,metascore,reviews_from_users,reviews_from_critics,budget_,usa_gross_income_,worlwide_gross_income_,usa_revenue,worlwide_revenue,Main Actor,Main Director,Main Writer,Main genre,Main Language,Main Country,movie_ID
tt0088814,Taron e la pentola magica,The Black Cauldron,1985,1986-03-13,"Animation, Action, Adventure",80,"USA, UK","English, Portuguese","Ted Berman, Richard Rich","Lloyd Alexander, David Jonas",Walt Disney Pictures,"Grant Bardsley, Susan Sheridan, Freddie Jones, Nigel Hawthorne, Arthur Malet, John Byner, Lindsay Rich, Brandon Call, Gregory Levinson, Eda Reiss Merin, Adele Malis-Morey, Billie Hayes, Phil Fondacaro, Peter Renaday, James Almanzar",A young boy and a bunch of misfit friends embark on a quest to find a dark magic item of ultimate power before a diabolical tyrant can.,6.4,30569,$ 44000000,$ 21288692,$ 21288692,59.0,154.0,75.0,44000000.0,21288692.0,21288692.0,-22711308,-22711308,Grant Bardsley,Ted Berman,Lloyd Alexander,Animation,English,USA,737
tt0091059,Navigator,Flight of the Navigator,1986,1987-01-22,"Adventure, Comedy, Family",90,USA,English,Randal Kleiser,"Mark H. Baker, Michael Burton",Walt Disney Pictures,"Joey Cramer, Paul Reubens, Cliff De Young, Veronica Cartwright, Sarah Jessica Parker, Albie Whitaker, Matt Adler, Howard Hesseman, Robert Small, Jonathan Sanger, Iris Acker, Richard Liberty, Raymond Forchion, Cynthia Caquelin, Ted Bartsch","In 1978, a boy travels 8 years into the future and has an adventure with an intelligent, wisecracking alien ship.",6.9,43387,$ 9000000,$ 18564613,$ 18564613,64.0,127.0,85.0,9000000.0,18564613.0,18564613.0,9564613,9564613,Joey Cramer,Randal Kleiser,Mark H. Baker,Adventure,English,USA,861
tt0091149,Basil l'investigatopo,The Great Mouse Detective,1986,1987-04-16,"Animation, Adventure, Family",74,USA,"English, French, German, Italian","Ron Clements, Burny Mattinson","Peter Young, Vance Gerry",Walt Disney Pictures,"Vincent Price, Barrie Ingham, Val Bettin, Susanne Pollatschek, Candy Candido, Diana Chesney, Eve Brenner, Alan Young, Basil Rathbone, Laurie Main, Shani Wallis, Ellen Fitzhugh, Walker Edmiston, Wayne Allwine, Tony Anselmo","Basil, the rodent Sherlock Holmes, investigates the kidnapping of a toy maker and uncovers its link to his archenemy, Professor Ratigan.",7.2,43815,$ 14000000,$ 38625550,$ 38625550,73.0,125.0,72.0,14000000.0,38625550.0,38625550.0,24625550,24625550,Vincent Price,Ron Clements,Peter Young,Animation,English,USA,866
tt0097523,"Tesoro, mi si sono ristretti i ragazzi","Honey, I Shrunk the Kids",1989,1989,"Adventure, Comedy, Family",93,"USA, Mexico",English,Joe Johnston,"Stuart Gordon, Brian Yuzna",Walt Disney Pictures,"Rick Moranis, Matt Frewer, Marcia Strassman, Kristine Sutherland, Thomas Wilson Brown, Jared Rushton, Amy O'Neill, Robert Oliveri, Carl Steven, Mark L. Taylor, Kimmy Robertson, Lou Cutell, Laura Waterbury, Trevor Galtress, Martin Aylett",The scientist father of a teenage girl and boy accidentally shrinks his and two other neighborhood teens to the size of insects. Now the teens must fight diminutive dangers as the father searches for them.,6.4,139632,$ 18000000,$ 130724172,$ 222724172,63.0,95.0,42.0,18000000.0,130724172.0,222724172.0,112724172,204724172,Rick Moranis,Joe Johnston,Stuart Gordon,Adventure,English,USA,1229
tt0097757,La sirenetta,The Little Mermaid,1989,1990-12-06,"Animation, Family, Fantasy",83,USA,"English, French","Ron Clements, John Musker","John Musker, Ron Clements",Walt Disney Pictures,"Rene Auberjonois, Christopher Daniel Barnes, Jodi Benson, Pat Carroll, Paddi Edwards, Buddy Hackett, Jason Marin, Kenneth Mars, Edie McClurg, Will Ryan, Ben Wright, Samuel E. Wright, Hamilton Camp, Debbie Shapiro Gravitte, Robert Weil",A mermaid princess makes a Faustian bargain in an attempt to become human and win a prince's love.,7.6,231653,$ 40000000,$ 111543479,$ 274191153,88.0,281.0,149.0,40000000.0,111543479.0,274191153.0,71543479,234191153,Rene Auberjonois,Ron Clements,John Musker,Animation,English,USA,1243
tt0101414,La bella e la bestia,Beauty and the Beast,1991,1992-12-04,"Animation, Family, Fantasy",84,USA,"English, French","Gary Trousdale, Kirk Wise","Linda Woolverton, Brenda Chapman",Walt Disney Pictures,"Robby Benson, Jesse Corti, Rex Everhart, Angela Lansbury, Paige O'Hara, Jerry Orbach, Bradley Pierce, David Ogden Stiers, Richard White, Jo Anne Worley, Mary Kay Bergman, Brian Cummings, Alvin Epstein, Tony Jay, Alec Murphy",A prince cursed to spend his days as a hideous monster sets out to regain his humanity by earning a young woman's love.,8.0,410499,$ 25000000,$ 218967620,$ 440118382,95.0,437.0,212.0,25000000.0,218967620.0,440118382.0,193967620,415118382,Robby Benson,Gary Trousdale,Linda Woolverton,Animation,English,USA,1419
tt0102803,Le avventure di Rocketeer,The Rocketeer,1991,1991-06-21,"Action, Adventure, Family",108,USA,"English, German",Joe Johnston,"Dave Stevens, Danny Bilson",Walt Disney Pictures,"Billy Campbell, Jennifer Connelly, Alan Arkin, Timothy Dalton, Paul Sorvino, Terry O'Quinn, Ed Lauter, James Handy, Robert Miranda, John Lavachielli, Jon Polito, Eddie Jones, William Sanderson, Don Pugsley, Nada Despotovich",A young pilot stumbles onto a prototype jetpack that allows him to become a high-flying masked hero.,6.5,52018,$ 35000000,$ 46704056,$ 46704056,61.0,161.0,105.0,35000000.0,46704056.0,46704056.0,11704056,11704056,Billy Campbell,Joe Johnston,Dave Stevens,Action,English,USA,1505
tt0103247,Zanna Bianca - Un piccolo grande lupo,White Fang,1991,1991,"Adventure, Drama",107,USA,English,Randal Kleiser,"Jack London, Jeanne Rosenberg",Walt Disney Pictures,"Jed, Klaus Maria Brandauer, Ethan Hawke, Seymour Cassel, Susan Hogan, James Remar, Bill Moseley, Clint Youngreen, Pius Savage, Aaron Hotch, Charles Jimmie Sr., Clifford Fossman, Irvin Sogge, Tom Fallon, Dick Mackey",Jack London's classic adventure story about the friendship developed between a Yukon gold hunter and the mixed dog-wolf he rescues from the hands of a man who mistreats him.,6.7,19198,$ 14000000,$ 34793160,$ 34793160,62.0,37.0,13.0,14000000.0,34793160.0,34793160.0,20793160,20793160,Jed,Randal Kleiser,Jack London,Adventure,English,USA,1529
tt0103639,Aladdin,Aladdin,1992,1993-12-03,"Animation, Adventure, Comedy",90,USA,English,"Ron Clements, John Musker","Ron Clements, John Musker",Walt Disney Pictures,"Scott Weinger, Robin Williams, Linda Larkin, Jonathan Freeman, Frank Welker, Gilbert Gottfried, Douglas Seale, Charlie Adler, Jack Angel, Corey Burton, Philip L. Clarke, Jim Cummings, Jennifer Darling, Debi Derryberry, Bruce Gooch",A kindhearted street urchin and a power-hungry Grand Vizier vie for a magic lamp that has the power to make their deepest wishes come true.,8.0,363761,$ 28000000,$ 217350219,$ 504050219,86.0,333.0,155.0,28000000.0,217350219.0,504050219.0,189350219,476050219,Scott Weinger,Ron Clements,Ron Clements,Animation,English,USA,1532
tt0104940,Festa in casa Muppet,The Muppet Christmas Carol,1992,1993-12-23,"Comedy, Drama, Family",85,"USA, UK",English,Brian Henson,"Charles Dickens, Jerry Juhl",Walt Disney Pictures,"Michael Caine, Dave Goelz, The Great Gonzo, Steve Whitmire, Jerry Nelson, Rizzo The Rat, Frank Oz, David Rudman, Don Austen, Jessica Fox, Robert Tygner, Steven Mackintosh, Meredith Braun, Robin Weaver, Raymond Coulthard",The Muppet characters tell their version of the classic tale of an old and bitter miser's redemption on Christmas Eve.,7.7,46386,$ 12000000,$ 27281507,$ 32319318,64.0,179.0,80.0,12000000.0,27281507.0,32319318.0,15281507,20319318,Michael Caine,Brian Henson,Charles Dickens,Comedy,English,USA,1613
tt0106611,Cool Runnings - Quattro sottozero,Cool Runnings,1993,1993-10-01,"Adventure, Comedy, Family",98,USA,"English, German, Russian",Jon Turteltaub,"Lynn Siefert, Michael Ritchie",Walt Disney Pictures,"Leon, Doug E. Doug, Rawle D. Lewis, Malik Yoba, John Candy, Raymond J. Barry, Peter Outerbridge, Paul Coeur, Larry Gilman, Charles Hyatt, Winston Stona, Bertina Macaulay, Pauline Stone Myrie, Kristoffer Cooper, Bill Dow","When a Jamaican sprinter is disqualified from the Olympic Games, he enlists the help of a dishonored coach to start the first Jamaican Bobsled Team.",7.0,90506,$ 14000000,$ 68856263,$ 154856263,60.0,118.0,52.0,14000000.0,68856263.0,154856263.0,54856263,140856263,Leon,Jon Turteltaub,Lynn Siefert,Adventure,English,USA,1699
tt0107120,Hocus Pocus,Hocus Pocus,1993,1994-01-14,"Comedy, Family, Fantasy",96,USA,"English, French",Kenny Ortega,"David Kirschner, Mick Garris",Walt Disney Pictures,"Bette Midler, Sarah Jessica Parker, Kathy Najimy, Omri Katz, Thora Birch, Vinessa Shaw, Amanda Shepherd, Larry Bagby, Tobias Jelinek, Stephanie Faracy, Charles Rocket, Doug Jones, Karyn Malchus, Sean Murray, Steve Voboril","A curious youngster moves to Salem, where he struggles to fit in before awakening a trio of diabolical witches that were executed in the 17th century.",6.9,90838,$ 28000000,$ 39514713,$ 39514713,,196.0,58.0,28000000.0,39514713.0,39514713.0,11514713,11514713,Bette Midler,Kenny Ortega,David Kirschner,Comedy,English,USA,1730
tt0108333,I tre moschettieri,The Three Musketeers,1993,1994-02-25,"Action, Adventure, Comedy",105,"Austria, UK, USA",English,Stephen Herek,"Alexandre Dumas, David Loughery",Walt Disney Pictures,"Charlie Sheen, Kiefer Sutherland, Chris O'Donnell, Oliver Platt, Tim Curry, Rebecca De Mornay, Gabrielle Anwar, Michael Wincott, Paul McGann, Julie Delpy, Hugh O'Conor, Christopher Adamson, Philip Tan, Erwin Leder, Axel Anselm","France, 1625: Young d'Artagnan heads to Paris to join the Musketeers but the evil cardinal has disbanded them - save 3. He meets the 3, Athos, Porthos and Aramis, and joins them on their quest to save the king and country.",6.4,49711,$ 30000000,$ 53898845,$ 53898845,43.0,163.0,38.0,30000000.0,53898845.0,53898845.0,23898845,23898845,Charlie Sheen,Stephen Herek,Alexandre Dumas,Action,English,Austria,1813
tt0110357,The Lion King,The Lion King,1994,1994-11-25,"Animation, Adventure, Drama",88,USA,"English, Swahili, Xhosa, Zulu","Roger Allers, Rob Minkoff","Irene Mecchi, Jonathan Roberts",Walt Disney Pictures,"Rowan Atkinson, Matthew Broderick, Niketa Calame-Harris, Jim Cummings, Whoopi Goldberg, Robert Guillaume, Jeremy Irons, James Earl Jones, Moira Kelly, Nathan Lane, Zoe Leader, Cheech Marin, Ernie Sabella, Madge Sinclair, Jonathan Taylor Thomas","Lion prince Simba and his father are targeted by his bitter uncle, who wants to ascend the throne himself.",8.5,917248,$ 45000000,$ 422783777,$ 968511805,88.0,1028.0,228.0,45000000.0,422783777.0,968511805.0,377783777,923511805,Rowan Atkinson,Roger Allers,Irene Mecchi,Animation,English,USA,1898
tt0111070,Santa Clause,The Santa Clause,1994,1995-12-01,"Comedy, Drama, Family",97,"USA, Canada","English, Spanish",John Pasquin,"Leo Benvenuti, Steve Rudnick",Walt Disney Pictures,"Tim Allen, Judge Reinhold, Wendy Crewson, Eric Lloyd, David Krumholtz, Larry Brandenburg, Mary Gross, Paige Tamada, Peter Boyle, Judith Scott, Jayne Eastwood, Melissa King, Bradley Wentworth, Azura Bates, Joshua Satok","When a man inadvertently makes Santa fall off of his roof on Christmas Eve, he finds himself magically recruited to take his place.",6.5,92289,$ 22000000,$ 144833357,$ 189833357,57.0,138.0,80.0,22000000.0,144833357.0,189833357.0,122833357,167833357,Tim Allen,John Pasquin,Leo Benvenuti,Comedy,English,USA,1942
tt0111271,Il guerriero del falco,Squanto: A Warrior's Tale,1994,1994-10-28,"Adventure, Biography, Drama",102,"USA, Canada",English,Xavier Koller,Darlene Craviotto,Walt Disney Pictures,"Adam Beach, Sheldon Peters Wolfchild, Irene Bedard, Eric Schweig, Leroy Peltier, Michael Gambon, Nathaniel Parker, Alex Norton, Mark Margolis, Julian Richings, Mandy Patinkin, Donal Donnelly, Stuart Pankin, Paul Klementowicz, Bray Poor","Fictional chronicle of Squanto's life prior to and including the arrival of the ""Mayflower"" in 1620.",6.0,1069,$ 19200000,$ 3342223,$ 3342223,,17.0,8.0,19200000.0,3342223.0,3342223.0,-15857777,-15857777,Adam Beach,Xavier Koller,Darlene Craviotto,Adventure,English,USA,1951
tt0113198,In viaggio con Pippo,A Goofy Movie,1995,1996-06-06,"Animation, Adventure, Comedy",78,"USA, Australia, France, Canada",English,Kevin Lima,"Jymn Magon, Jymn Magon",Walt Disney Pictures,"Bill Farmer, Jason Marsden, Jim Cummings, Kellie Martin, Rob Paulsen, Wallace Shawn, Jenna von Oÿ, Frank Welker, Kevin Lima, Florence Stanley, Jo Anne Worley, Brittany Alyse Smith, Robyn Richards, Julie Brown, Klee Bragger","When Max makes a preposterous promise to a girl he has a crush on, his chances to fulfilling it seem hopeless when he is dragged onto a cross-country trip with his embarrassing father, Goofy.",6.8,44827,$ 18000000,$ 35348597,$ 35348597,,126.0,33.0,18000000.0,35348597.0,35348597.0,17348597,17348597,Bill Farmer,Kevin Lima,Jymn Magon,Animation,English,USA,2023
tt0114148,Pocahontas,Pocahontas,1995,1995-11-24,"Animation, Adventure, Drama",81,USA,"English, Algonquin","Mike Gabriel, Eric Goldberg","Carl Binder, Susannah Grant",Walt Disney Pictures,"Joe Baker, Christian Bale, Irene Bedard, Billy Connolly, James Apaumut Fall, Mel Gibson, Linda Hunt, John Kassir, Judy Kuhn, Danny Mann, Russell Means, David Ogden Stiers, Michelle St. John, Gordon Tootoosis, Frank Welker",An English soldier and the daughter of an Algonquin chief share a romance when English colonists invade seventeenth century Virginia.,6.7,165983,$ 55000000,$ 141579773,$ 346079773,58.0,264.0,106.0,55000000.0,141579773.0,346079773.0,86579773,291079773,Joe Baker,Mike Gabriel,Carl Binder,Animation,English,USA,2073
tt0115433,La carica dei 101 - Questa volta la magia è vera,101 Dalmatians,1996,1997-03-14,"Adventure, Comedy, Crime",103,"USA, UK","English, Spanish",Stephen Herek,"Dodie Smith, John Hughes",Walt Disney Pictures,"Glenn Close, Jeff Daniels, Joely Richardson, Joan Plowright, Hugh Laurie, Mark Williams, John Shrapnel, Tim McInnerny, Hugh Fraser, Zohren Weiss, Mark Haddigan, Michael Percival, Neville Phillips, John Evans, Hilda Braid","An evil high-fashion designer plots to steal Dalmatian puppies in order to make an extravagant fur coat, but instead creates an extravagant mess.",5.7,99284,$ 75000000,$ 136189294,$ 320689294,49.0,97.0,61.0,75000000.0,136189294.0,320689294.0,61189294,245689294,Glenn Close,Stephen Herek,Dodie Smith,Adventure,English,USA,2122
tt0116683,James e la pesca gigante,James and the Giant Peach,1996,1997-05-16,"Animation, Adventure, Family",79,"UK, USA",English,Henry Selick,"Roald Dahl, Karey Kirkpatrick",Walt Disney Pictures,"Simon Callow, Richard Dreyfuss, Jane Leeves, Joanna Lumley, Miriam Margolyes, Pete Postlethwaite, Susan Sarandon, Paul Terry, David Thewlis, J. Stephen Coyle, Steven Culp, Cirocco Dunlap, Michael Girardin, Tony Haney, Kathryn Howell","An orphan who lives with his two cruel aunts befriends anthropomorphic bugs who live inside a giant peach, and they embark on a journey to New York City.",6.7,58982,$ 38000000,$ 28946127,$ 28946127,78.0,94.0,80.0,38000000.0,28946127.0,28946127.0,-9053873,-9053873,Simon Callow,Henry Selick,Roald Dahl,Animation,English,UK,2204
tt0118570,Air Bud - Campione a quattro zampe,Air Bud,1997,1997-08-01,"Comedy, Drama, Family",98,"USA, Canada",English,Charles Martin Smith,"Kevin DiCicco, Paul Tamasy",Walt Disney Pictures,"Michael Jeter, Kevin Zegers, Wendy Makkena, Bill Cobbs, Eric Christmas, Jay Brazeau, Nicola Cavendish, Brendan Fletcher, Norman Browning, Stephen E. Miller, Shayn Solberg, Chris Turner, Christine Kennedy, Frank C. Turner, Marion Dodd",An unexpected player joins the school basketball team - a circus dog who escaped from a cruel master.,5.2,16258,$ 3000000,$ 23144499,$ 23144499,,42.0,40.0,3000000.0,23144499.0,23144499.0,20144499,20144499,Michael Jeter,Charles Martin Smith,Kevin DiCicco,Comedy,English,USA,2301
tt0119137,Flubber - Un professore tra le nuvole,Flubber,1997,1998-03-13,"Comedy, Family, Sci-Fi",93,USA,English,Les Mayfield,"Samuel W. Taylor, John Hughes",Walt Disney Pictures,"Robin Williams, Marcia Gay Harden, Christopher McDonald, Ted Levine, Clancy Brown, Raymond J. Barry, Wil Wheaton, Edie McClurg, Jodi Benson, Leslie Stefanson, Malcolm Brownson, Benjamin Brock, Dakin Matthews, Zack Zeigler, Sam Lloyd","An absent-minded professor discovers ""flubber,"" a rubber-like super-bouncy substance.",5.3,83052,$ 80000000,$ 92977226,$ 177977226,37.0,81.0,60.0,80000000.0,92977226.0,177977226.0,12977226,97977226,Robin Williams,Les Mayfield,Samuel W. Taylor,Comedy,English,USA,2367
tt0119190,George re della giungla..?,George of the Jungle,1997,1998-04-17,"Action, Adventure, Comedy",92,USA,"English, Spanish",Sam Weisman,"Jay Ward, Dana Olsen",Walt Disney Pictures,"Brendan Fraser, Leslie Mann, Thomas Haden Church, Richard Roundtree, Greg Cruttwell, Abraham Benrubi, Holland Taylor, Kelly Miracco, John Bennett Perry, John Cleese, Michael Chinyamurindi, Abdoulaye NGom, Lydell M. Cheshier, Keith Scott, Spencer Garrett",A man raised in the jungle by apes falls in love with a wealthy American heiress.,5.5,70236,$ 55000000,$ 105263257,$ 174463257,53.0,118.0,59.0,55000000.0,105263257.0,174463257.0,50263257,119463257,Brendan Fraser,Sam Weisman,Jay Ward,Action,English,USA,2375
tt0119282,Hercules,Hercules,1997,1997-12-05,"Animation, Adventure, Comedy",93,"USA, France","English, Spanish, Greek","Ron Clements, John Musker","Ron Clements, John Musker",Walt Disney Pictures,"Tate Donovan, Josh Keaton, Roger Bart, Danny DeVito, James Woods, Susan Egan, Bobcat Goldthwait, Matt Frewer, Rip Torn, Samantha Eggar, Barbara Barrie, Hal Holbrook, Paul Shaffer, Amanda Plummer, Carole Shelley",The son of Zeus and Hera is stripped of his immortality as an infant and must become a true hero in order to reclaim it.,7.3,200263,$ 85000000,$ 99112101,$ 252712101,74.0,222.0,95.0,85000000.0,99112101.0,252712101.0,14112101,167712101,Tate Donovan,Ron Clements,Ron Clements,Animation,English,USA,2386
tt0119432,Da giungla a giungla,Jungle 2 Jungle,1997,1997-08-22,"Comedy, Family",105,"USA, France",English,John Pasquin,"Hervé Palud, Thierry Lhermitte",Walt Disney Pictures,"Tim Allen, Martin Short, JoBeth Williams, Lolita Davidovich, Sam Huntington, David Ogden Stiers, Bob Dishy, Valerie Mahaffey, Leelee Sobieski, Frankie J. Galasso, Luis Avalos, Carole Shelley, Dominic Keating, Rondi Reed, Oni Faida Lampley","A man learns he has a thirteen-year-old son who was raised in the jungle and brings the boy to New York City, turning his life upside down in the process.",5.2,22431,$ 32000000,$ 59927618,$ 59927618,42.0,56.0,31.0,32000000.0,59927618.0,59927618.0,27927618,27927618,Tim Allen,John Pasquin,Hervé Palud,Comedy,English,USA,2402
tt0119718,Mr. Magoo,Mr. Magoo,1997,1998-05-08,"Adventure, Comedy, Family",87,USA,English,Stanley Tong,"Pat Proft, Tom Sherohman",Walt Disney Pictures,"Leslie Nielsen, Kelly Lynch, Matt Keeslar, Nick Chinlund, Stephen Tobolowsky, Ernie Hudson, Jennifer Garner, Malcolm McDowell, Miguel Ferrer, L. Harvey Gold, Art Irizawa, John Tierney, Terence Kelly, Rick Burgess, Jerry Wasserman",The myopic millionaire defeats jewel smugglers in his usual bumbling manner.,4.0,14059,$ 30000000,$ 21437192,$ 21437192,18.0,53.0,19.0,30000000.0,21437192.0,21437192.0,-8562808,-8562808,Leslie Nielsen,Stanley Tong,Pat Proft,Adventure,English,USA,2433
tt0120764,Martin il marziano,My Favorite Martian,1999,1999-06-04,"Comedy, Family, Sci-Fi",94,USA,English,Donald Petrie,"John L. Greene, Sherri Stoner",Walt Disney Pictures,"Christopher Lloyd, Jeff Daniels, Elizabeth Hurley, Daryl Hannah, Wallace Shawn, Christine Ebersole, Michael Lerner, Ray Walston, Shelley Malil, Jeremy Hotz, T.K. Carter, Dawn Maxey, Steven Anthony Lawrence, Michael Chieffo, Troy Evans",A Martian lands on Earth and makes friends with a reporter.,5.1,12660,$ 65000000,$ 36850101,$ 36850101,33.0,76.0,48.0,65000000.0,36850101.0,36850101.0,-28149899,-28149899,Christopher Lloyd,Donald Petrie,John L. Greene,Comedy,English,USA,2580
tt0120855,Tarzan,Tarzan,1999,1999-12-03,"Animation, Adventure, Family",88,USA,English,"Chris Buck, Kevin Lima","Tab Murphy, Bob Tzudiker",Walt Disney Pictures,"Brian Blessed, Glenn Close, Minnie Driver, Tony Goldwyn, Nigel Hawthorne, Lance Henriksen, Wayne Knight, Alex D. Linz, Rosie O'Donnell, Beth Anderson, Jack Angel, Joseph Ashton, Bob Bergen, Billy Bodine, Hillary Brooks",A man raised by gorillas must decide where he really belongs when he discovers he is a human.,7.3,198381,$ 130000000,$ 171091819,$ 448191819,79.0,297.0,148.0,130000000.0,171091819.0,448191819.0,41091819,318191819,Brian Blessed,Chris Buck,Tab Murphy,Animation,English,USA,2609
tt0120910,Fantasia 2000,Fantasia 2000,1999,2000-09-08,"Animation, Comedy, Family",75,USA,English,"James Algar, Gaëtan Brizzi","Eric Goldberg, Joe Grant",Walt Disney Pictures,"Steve Martin, Itzhak Perlman, Quincy Jones, Bette Midler, James Earl Jones, Penn Jillette, Teller, James Levine, Angela Lansbury, Wayne Allwine, Tony Anselmo, Russi Taylor, Chicago Symphony Orchestra, Michael George",An update of the original film with new interpretations of great works of classical music.,7.2,34386,$ 80000000,$ 60655420,$ 90874570,59.0,206.0,138.0,80000000.0,60655420.0,90874570.0,-19344580,10874570,Steve Martin,James Algar,Eric Goldberg,Animation,English,USA,2626
tt0130623,Dinosauri,Dinosaur,2000,2000-06-15,"Animation, Adventure, Family",82,USA,English,"Eric Leighton, Ralph Zondag","Thom Enriquez, John Harrison",Walt Disney Pictures,"Alfre Woodard, Ossie Davis, Max Casella, Hayden Panettiere, D.B. Sweeney, Samuel E. Wright, Peter Siragusa, Julianna Margulies, Joan Plowright, Della Reese, Matt Adler, Sandina Bailo-Lape, Edie Lehmann Boddicker, Zachary Bostrom, Cathy Cavadini",An orphaned dinosaur raised by lemurs joins an arduous trek to a sancturary after a meteorite shower destroys his family home.,6.5,51947,$ 127500000,$ 137748063,$ 349822765,56.0,258.0,133.0,127500000.0,137748063.0,349822765.0,10248063,222322765,Alfre Woodard,Eric Leighton,Thom Enriquez,Animation,English,USA,2694
tt0141369,Inspector Gadget,Inspector Gadget,1999,1999-12-23,"Action, Adventure, Comedy",78,USA,"English, Norwegian, French, Spanish",David Kellogg,"Andy Heyward, Jean Chalopin",Walt Disney Pictures,"Matthew Broderick, Rupert Everett, Joely Fisher, Michelle Trachtenberg, Andy Dick, Cheri Oteri, Mike Hagerty, Dabney Coleman, D.L. Hughley, Rene Auberjonois, Frances Bay, Mr. T, Richard Kiel, Richard Lee-Sung, Bobby Bell",A security guard's dreams come true when he is selected to be transformed into a cybernetic police officer.,4.1,44636,$ 90000000,$ 97403112,$ 134403112,36.0,237.0,74.0,90000000.0,97403112.0,134403112.0,7403112,44403112,Matthew Broderick,David Kellogg,Andy Heyward,Action,English,USA,2755
tt0155753,A casa per Natale,I'll Be Home for Christmas,1998,1998-11-13,"Comedy, Family",86,"USA, Canada",English,Arlene Sanford,"Tom Nursall, Harris Goldberg",Walt Disney Pictures,"Jonathan Taylor Thomas, Jessica Biel, Adam LaVorgna, Gary Cole, Eve Gordon, Lauren Maltby, Andrew Lauer, Sean O'Bryan, Lesley Boone, Amzie Strickland, Natalie Barish, Mark de la Cruz, Kathleen Freeman, Jack Kenny, Celia Kushner","A college student faces an impossible journey when he is left stranded in the desert, thousands of miles from home, with no money and only a few days left until Christmas.",5.5,8927,$ 30000000,$ 12214338,$ 12214338,,58.0,38.0,30000000.0,12214338.0,12214338.0,-17785662,-17785662,Jonathan Taylor Thomas,Arlene Sanford,Tom Nursall,Comedy,English,USA,2815
tt0247638,Pretty Princess,The Princess Diaries,2001,2001-10-26,"Comedy, Family, Romance",111,"USA, UK","English, Dutch, Italian",Garry Marshall,"Meg Cabot, Gina Wendkos",Walt Disney Pictures,"Julie Andrews, Anne Hathaway, Hector Elizondo, Heather Matarazzo, Mandy Moore, Caroline Goodall, Robert Schwartzman, Erik von Detten, Patrick John Flueger, Sean O'Bryan, Sandra Oh, Kathleen Marshall, Mindy Burbano, Kimleigh Smith, Elizabeth Gudenrath","Mia Thermopolis has just found out that she is the heir apparent to the throne of Genovia. With her friends Lilly and Michael Moscovitz in tow, she tries to navigate through the rest of her sixteenth year.",6.3,125180,$ 26000000,$ 108248956,$ 165335153,52.0,328.0,117.0,26000000.0,108248956.0,165335153.0,82248956,139335153,Julie Andrews,Garry Marshall,Meg Cabot,Comedy,English,USA,3274
tt0275847,Lilo & Stitch,Lilo & Stitch,2002,2002-06-21,"Animation, Adventure, Comedy",85,USA,"English, Hawaiian","Dean DeBlois, Chris Sanders","Chris Sanders, Chris Sanders",Walt Disney Pictures,"Daveigh Chase, Chris Sanders, Tia Carrere, David Ogden Stiers, Kevin McDonald, Ving Rhames, Zoe Caldwell, Jason Scott Lee, Kevin Michael Richardson, Susan Hegarty, Amy Hill, Steve Alterman, Emily Anderson, Jack Angel, Bill Asing",A Hawaiian girl adopts an unusual pet who is actually a notorious extra-terrestrial fugitive.,7.2,163741,$ 80000000,$ 145794338,$ 273144151,73.0,397.0,199.0,80000000.0,145794338.0,273144151.0,65794338,193144151,Daveigh Chase,Dean DeBlois,Chris Sanders,Animation,English,USA,3452
tt0276033,I Mattacchiorsi,The Country Bears,2002,2002-07-26,"Comedy, Family, Music",88,USA,English,Peter Hastings,Mark Perez,Walt Disney Pictures,"Haley Joel Osment, Diedrich Bader, Candy Ford, James Gammon, Brad Garrett, Toby Huss, Kevin Michael Richardson, Stephen Root, Christopher Walken, Stephen Tobolowsky, Daryl Mitchell, M.C. Gainey, Alex Rocco, Meagen Fay, Eli Marienthal",Beary Barrington goes on an adventure to save Country Bear Hall by getting the Country Bears back together for a reunion concert.,4.1,4996,$ 35000000,$ 16990825,$ 18012097,37.0,81.0,39.0,35000000.0,16990825.0,18012097.0,-18009175,-16987903,Haley Joel Osment,Peter Hastings,Mark Perez,Comedy,English,USA,3453
tt0281373,Snow Dogs - 8 cani sotto zero,Snow Dogs,2002,2002-10-31,"Adventure, Comedy, Family",99,"Canada, USA",English,Brian Levant,"Jim Kouf, Tommy Swerdlow",Walt Disney Pictures,"Cuba Gooding Jr., James Coburn, Sisqó, Nichelle Nichols, M. Emmet Walsh, Graham Greene, Brian Doyle-Murray, Joanna Bacalso, Jean Michel Paré, Michael Bolton, Jason Pouliotte, David Boyce, Frank C. Turner, Ron Small, Alison Matthews","When a Miami dentist inherits a team of sled dogs, he's got to learn the trade or lose his pack to a crusty mountain man.",5.2,24858,$ 33000000,$ 81172560,$ 115035090,29.0,107.0,66.0,33000000.0,81172560.0,115035090.0,48172560,82035090,Cuba Gooding Jr.,Brian Levant,Jim Kouf,Adventure,English,Canada,3500
tt0283084,Tuck everlasting: Vivere per sempre,Tuck Everlasting,2002,2003-11-14,"Drama, Family, Fantasy",90,USA,"English, French",Jay Russell,"Natalie Babbitt, Jeffrey Lieber",Walt Disney Pictures,"Alexis Bledel, William Hurt, Sissy Spacek, Jonathan Jackson, Scott Bairstow, Ben Kingsley, Amy Irving, Victor Garber, Kosha Engler, Richard Pilcher, Bradley Coryell, John Badila, Julia Hart, Naomi Kline, Kathryn Kelley",A young woman meets and falls in love with a young man who is part of a family of immortals.,6.6,20831,$ 15000000,$ 19161999,$ 19344615,66.0,137.0,71.0,15000000.0,19161999.0,19344615.0,4161999,4344615,Alexis Bledel,Jay Russell,Natalie Babbitt,Drama,English,USA,3512
tt0299172,Mucche alla riscossa,Home on the Range,2004,2004-09-03,"Animation, Adventure, Comedy",76,USA,"English, Mandarin","Will Finn, John Sanford","Will Finn, John Sanford",Walt Disney Pictures,"G.W. Bailey, Roseanne Barr, Bobby Block, Steve Buscemi, Carole Cook, Charlie Dell, Judi Dench, Charles Dennis, Marshall Efron, Joe Flaherty, Cuba Gooding Jr., Charles Haid, Estelle Harris, Lance LeGault, Sam Levine","To save their farm, the resident animals go bounty hunting for a notorious outlaw.",5.4,19812,$ 110000000,$ 50030461,$ 145358062,50.0,108.0,101.0,110000000.0,50030461.0,145358062.0,-59969539,35358062,G.W. Bailey,Will Finn,Will Finn,Animation,English,USA,3621
tt0304669,Che fine ha fatto Santa Clause?,The Santa Clause 2,2002,2002-11-29,"Comedy, Family, Fantasy",104,"USA, Canada",English,Michael Lembeck,"Don Rhymer, Cinco Paul",Walt Disney Pictures,"Tim Allen, Elizabeth Mitchell, David Krumholtz, Eric Lloyd, Judge Reinhold, Wendy Crewson, Spencer Breslin, Liliana Mumy, Danielle Woodman, Art LaFleur, Aisha Tyler, Kevin Pollak, Jay Thomas, Michael Dorn, Christopher Attadia","Scott Calvin has been a humble Santa Claus for nearly ten years, but it might come to an end if he doesn't find a Mrs. Claus.",5.6,48333,$ 65000000,$ 139236327,$ 172855065,48.0,117.0,83.0,65000000.0,139236327.0,172855065.0,74236327,107855065,Tim Allen,Michael Lembeck,Don Rhymer,Comedy,English,USA,3650
tt0306841,Lizzie McGuire - Da liceale a popstar,The Lizzie McGuire Movie,2003,2003-08-29,"Adventure, Comedy, Family",94,USA,"English, Italian",Jim Fall,"Susan Estelle Jansen, Ed Decter",Walt Disney Pictures,"Hilary Duff, Adam Lamberg, Hallie Todd, Robert Carradine, Jake Thomas, Ashlie Brillault, Clayton Snyder, Alex Borstein, Yani Gellman, Brendan Kelly, Carly Schroeder, Daniel Escobar, Jody Racicot, Peter Kelamis, Terra C. MacLeod","Lizzie McGuire has graduated from middle school and takes a trip to Rome, Italy with her class. And what was supposed to be only a normal trip, becomes a teenager's dream come true.",5.5,35161,$ 17000000,$ 42734455,$ 55534455,56.0,170.0,69.0,17000000.0,42734455.0,55534455.0,25734455,38534455,Hilary Duff,Jim Fall,Susan Estelle Jansen,Adventure,English,USA,3662
tt0311289,Holes - Buchi nel deserto,Holes,2003,2003-08-15,"Adventure, Comedy, Drama",117,USA,English,Andrew Davis,"Louis Sachar, Louis Sachar",Walt Disney Pictures,"Sigourney Weaver, Jon Voight, Tim Blake Nelson, Shia LaBeouf, Khleo Thomas, Jake M. Smith, Byron Cotton, Brenden Jefferson, Miguel Castro, Max Kasch, Noah Poletiek, Zane Holtz, Steven Kozlowski, Ski Carr, Jim Wilkey",A wrongfully convicted boy is sent to a brutal desert detention camp where he joins the job of digging holes for some mysterious reason.,7.0,75840,$ 20000000,$ 67406573,$ 71406573,71.0,347.0,107.0,20000000.0,67406573.0,71406573.0,47406573,51406573,Sigourney Weaver,Andrew Davis,Louis Sachar,Adventure,English,USA,3697
tt0325980,La maledizione della prima luna,Pirates of the Caribbean: The Curse of the Black Pearl,2003,2003-09-05,"Action, Adventure, Fantasy",143,USA,English,Gore Verbinski,"Ted Elliott, Terry Rossio",Walt Disney Pictures,"Johnny Depp, Geoffrey Rush, Orlando Bloom, Keira Knightley, Jack Davenport, Jonathan Pryce, Lee Arenberg, Mackenzie Crook, Damian O'Hare, Giles New, Angus Barnett, David Bailie, Michael Berry Jr., Isaac C. Singleton Jr., Kevin McNally","Blacksmith Will Turner teams up with eccentric pirate ""Captain"" Jack Sparrow to save his love, the governor's daughter, from Jack's former pirate allies, who are now undead.",8.0,1001260,$ 140000000,$ 305413918,$ 654264015,63.0,2196.0,292.0,140000000.0,305413918.0,654264015.0,165413918,514264015,Johnny Depp,Gore Verbinski,Ted Elliott,Action,English,USA,3785
tt0327437,Il giro del mondo in 80 giorni,Around the World in 80 Days,2004,2005-01-28,"Action, Adventure, Comedy",120,"USA, Germany, Ireland, UK","English, Cantonese, French, German, Hindi, Turkish",Frank Coraci,"Jules Verne, David N. Titcher",Walt Disney Pictures,"Jackie Chan, Steve Coogan, Cécile de France, Robert Fyfe, Jim Broadbent, Ian McNeice, David Ryall, Roger Hammond, Adam Godley, Howard Cooper, Karen Mok, Daniel Hinchcliffe, Wolfram Teufel, Tom Strauss, Kit West","To win a bet, an eccentric British inventor, beside his Chinese valet and an aspiring French artist, embarks on a trip full of adventures and dangers around the world in exactly eighty days.",5.9,83358,$ 110000000,$ 24008137,$ 72178895,49.0,199.0,183.0,110000000.0,24008137.0,72178895.0,-85991863,-37821105,Jackie Chan,Frank Coraci,Jules Verne,Action,English,USA,3799
tt0338094,La casa dei fantasmi,The Haunted Mansion,2003,2004-03-26,"Comedy, Family, Fantasy",99,USA,English,Rob Minkoff,David Berenbaum,Walt Disney Pictures,"Eddie Murphy, Terence Stamp, Nathaniel Parker, Marsha Thomason, Jennifer Tilly, Wallace Shawn, Dina Spybey-Waters, Marc John Jefferies, Aree Davis, Jim Doughan, Rachael Harris, Steve Hytner, Heather Juergensen, Jeremy Howard, Deep Roy","A realtor and his wife and children are summoned to a mansion, which they soon discover is haunted, and while they attempt to escape, he learns an important lesson about the family he has neglected.",5.0,41032,$ 90000000,$ 75847266,$ 182290266,34.0,191.0,134.0,90000000.0,75847266.0,182290266.0,-14152734,92290266,Eddie Murphy,Rob Minkoff,David Berenbaum,Comedy,English,USA,3867
tt0361467,Quanto è difficile essere teenager!,Confessions of a Teenage Drama Queen,2004,2004-07-09,"Comedy, Family, Music",89,"Germany, USA",English,Sara Sugarman,"Dyan Sheldon, Gail Parent",Walt Disney Pictures,"Lindsay Lohan, Adam Garcia, Glenne Headly, Alison Pill, Eli Marienthal, Carol Kane, Megan Fox, Sheila McCarthy, Tom McCamus, Richard Fitzpatrick, Sheila Sealy-Smith, Ashley Leggat, Barbara Mamabolo, Maggie Oskam, Rachael Oskam","A teenage girl is convinced that her home city revolves around her until her family packs up and moves to the suburbs, where she finds herself competing for attention.",4.7,27096,$ 15000000,$ 29331068,$ 33251890,33.0,105.0,74.0,15000000.0,29331068.0,33251890.0,14331068,18251890,Lindsay Lohan,Sara Sugarman,Dyan Sheldon,Comedy,English,Germany,4003
tt0363771,"Le cronache di Narnia - Il leone, la strega e l'armadio","The Chronicles of Narnia: The Lion, the Witch and the Wardrobe",2005,2005-12-21,"Adventure, Family, Fantasy",143,"UK, USA","English, German, Brazilian Sign Language",Andrew Adamson,"Ann Peacock, Andrew Adamson",Walt Disney Pictures,"Georgie Henley, Skandar Keynes, William Moseley, Anna Popplewell, Tilda Swinton, James McAvoy, Jim Broadbent, Kiran Shah, James Cosmo, Judy McIntosh, Elizabeth Hawthorne, Patrick Kake, Shane Rangi, Brandon Cook, Cassie Cook",Four kids travel through a wardrobe to the land of Narnia and learn of their destiny to free it with the guidance of a mystical lion.,6.9,358834,$ 180000000,$ 291710957,$ 745013115,75.0,1508.0,286.0,180000000.0,291710957.0,745013115.0,111710957,565013115,Georgie Henley,Andrew Adamson,Ann Peacock,Adventure,English,UK,4029
tt0368891,Il mistero dei Templari,National Treasure,2004,2004-12-07,"Action, Adventure, Mystery",131,USA,"English, Spanish",Jon Turteltaub,"Jim Kouf, Cormac Wibberley",Walt Disney Pictures,"Nicolas Cage, Diane Kruger, Justin Bartha, Sean Bean, Jon Voight, Harvey Keitel, Christopher Plummer, David Dayan Fisher, Stewart Finlay-McLennan, Oleg Taktarov, Stephen A. Pope, Annie Parisse, Mark Pellegrino, Armando Riesco, Erik King",A historian races to find the legendary Templar Treasure before a team of mercenaries.,6.9,299339,$ 100000000,$ 173008894,$ 347512318,39.0,741.0,184.0,100000000.0,173008894.0,347512318.0,73008894,247512318,Nicolas Cage,Jon Turteltaub,Jim Kouf,Action,English,USA,4076
tt0368933,Principe azzurro cercasi,The Princess Diaries 2: Royal Engagement,2004,2005-01-21,"Comedy, Family, Romance",113,USA,"English, Greek, French, Spanish",Garry Marshall,"Meg Cabot, Gina Wendkos",Walt Disney Pictures,"Anne Hathaway, Julie Andrews, Hector Elizondo, John Rhys-Davies, Heather Matarazzo, Chris Pine, Callum Blue, Kathleen Marshall, Tom Poston, Joel McCrary, Kim Thomson, Raven-Symoné, Larry Miller, Caroline Goodall, Sean O'Bryan","Now settled in Genovia, Princess Mia faces a new revelation: she is being primed for an arranged marriage to an English suitor.",5.8,72487,$ 40000000,$ 95170481,$ 134734481,43.0,165.0,78.0,40000000.0,95170481.0,134734481.0,55170481,94734481,Anne Hathaway,Garry Marshall,Meg Cabot,Comedy,English,USA,4078
tt0371606,Chicken Little - Amici per le penne,Chicken Little,2005,2005-12-02,"Animation, Adventure, Comedy",81,USA,English,Mark Dindal,"Mark Dindal, Mark Kennedy",Walt Disney Pictures,"Zach Braff, Garry Marshall, Don Knotts, Patrick Stewart, Amy Sedaris, Steve Zahn, Joan Cusack, Wallace Shawn, Harry Shearer, Fred Willard, Catherine O'Hara, Patrick Warburton, Adam West, Mark Walton, Mark Dindal","After ruining his reputation with the town, a courageous chicken must come to the rescue of his fellow citizens when aliens start an invasion.",5.7,84176,$ 150000000,$ 135386665,$ 314432837,48.0,283.0,158.0,150000000.0,135386665.0,314432837.0,-14613335,164432837,Zach Braff,Mark Dindal,Mark Dindal,Animation,English,USA,4093
tt0382932,Ratatouille,Ratatouille,2007,2007-10-17,"Animation, Adventure, Comedy",111,USA,"English, French","Brad Bird, Jan Pinkava","Brad Bird, Jan Pinkava",Walt Disney Pictures,"Patton Oswalt, Ian Holm, Lou Romano, Brian Dennehy, Peter Sohn, Peter O'Toole, Brad Garrett, Janeane Garofalo, Will Arnett, Julius Callahan, James Remar, John Ratzenberger, Teddy Newton, Tony Fucile, Jake Steinfeld",A rat who can cook makes an unusual alliance with a young kitchen worker at a famous restaurant.,8.0,624762,$ 150000000,$ 206445654,$ 623726085,96.0,747.0,330.0,150000000.0,206445654.0,623726085.0,56445654,473726085,Patton Oswalt,Brad Bird,Brad Bird,Animation,English,USA,4190
tt0383574,Pirati dei Caraibi - La maledizione del forziere fantasma,Pirates of the Caribbean: Dead Man's Chest,2006,2006-09-13,"Action, Adventure, Fantasy",151,USA,"English, Turkish, Greek, Mandarin, French",Gore Verbinski,"Ted Elliott, Terry Rossio",Walt Disney Pictures,"Johnny Depp, Orlando Bloom, Keira Knightley, Jack Davenport, Bill Nighy, Jonathan Pryce, Lee Arenberg, Mackenzie Crook, Kevin McNally, David Bailie, Stellan Skarsgård, Tom Hollander, Naomie Harris, Martin Klebba, David Schofield","Jack Sparrow races to recover the heart of Davy Jones to avoid enslaving his soul to Jones' service, as other friends and foes seek the heart for their own agenda as well.",7.3,644330,$ 225000000,$ 423315812,$ 1066179725,53.0,1889.0,323.0,225000000.0,423315812.0,1066179725.0,198315812,841179725,Johnny Depp,Gore Verbinski,Ted Elliott,Action,English,USA,4197
tt0393735,Shaggy Dog - Papà che abbaia... non morde,The Shaggy Dog,2006,2006-06-08,"Comedy, Family, Fantasy",98,USA,English,Brian Robbins,"Cormac Wibberley, Marianne Wibberley",Walt Disney Pictures,"Tim Allen, Kristin Davis, Zena Grey, Spencer Breslin, Danny Glover, Robert Downey Jr., Joshua Leonard, Shawn Pyfrom, Bess Wohl, Jarrad Paul, Annabelle Gurwitch, Jane Curtin, Philip Baker Hall, Joel David Moore, Jeanette Brox",A man tries to live a normal life despite the fact that he sometimes turns into a sheepdog.,4.4,17990,$ 50000000,$ 61123569,$ 87134280,43.0,88.0,80.0,50000000.0,61123569.0,87134280.0,11123569,37134280,Tim Allen,Brian Robbins,Cormac Wibberley,Comedy,English,USA,4262
tt0395699,Missione tata,The Pacifier,2005,2005-04-22,"Action, Comedy, Drama",95,"Canada, USA","English, Korean",Adam Shankman,"Thomas Lennon, Robert Ben Garant",Walt Disney Pictures,"Vin Diesel, Lauren Graham, Faith Ford, Brittany Snow, Max Thieriot, Chris Potter, Carol Kane, Brad Garrett, Morgan York, Kegan Hoover, Logan Hoover, Bo Vink, Luke Vink, Tate Donovan, Scott Thompson","Having recovered from wounds received in a failed rescue operation, Navy SEAL Shane Wolfe is handed a new assignment: Protect the five Plummer kids from enemies of their recently deceased father -- a government scientist whose top-secret experiment remains in the kids' house.",5.6,86211,$ 56000000,$ 113086868,$ 198636868,30.0,242.0,132.0,56000000.0,113086868.0,198636868.0,57086868,142636868,Vin Diesel,Adam Shankman,Thomas Lennon,Action,English,Canada,4271
tt0397313,8 amici da salvare,Eight Below,2006,2006-03-31,"Adventure, Drama, Family",120,USA,English,Frank Marshall,"David DiGilio, Toshirô Ishidô",Walt Disney Pictures,"Paul Walker, Bruce Greenwood, Moon Bloodgood, Wendy Crewson, Gerard Plunkett, August Schellenberg, Jason Biggs, D.J., Timba, Koda, Jasmin, Apache, Buck, Noble, Troika",Brutal cold forces two Antarctic explorers to leave their team of sled dogs behind as they fend for their survival.,7.3,59899,$ 40000000,$ 81612565,$ 120455994,64.0,286.0,129.0,40000000.0,81612565.0,120455994.0,41612565,80455994,Paul Walker,Frank Marshall,David DiGilio,Adventure,English,USA,4286
tt0400497,Herbie - Il super maggiolino,Herbie Fully Loaded,2005,2005-08-26,"Adventure, Comedy, Family",101,USA,English,Angela Robinson,"Thomas Lennon, Robert Ben Garant",Walt Disney Pictures,"Lindsay Lohan, Michael Keaton, Matt Dillon, Breckin Meyer, Justin Long, Cheryl Hines, Jimmi Simpson, Jill Ritchie, Thomas Lennon, Jeremy Roberts, E.E. Bell, Peter Pasco, Mario Larraza, Patrick Cranshaw, Scoot McNairy","Maggie Peyton, the new owner of Herbie, Number 53, the free-wheelin' Volkswagen bug with a mind of its own, puts the car through its paces on the road to becoming a NASCAR competitor.",4.8,44419,$ 50000000,$ 66023816,$ 144146816,47.0,179.0,119.0,50000000.0,66023816.0,144146816.0,16023816,94146816,Lindsay Lohan,Angela Robinson,Thomas Lennon,Adventure,English,USA,4310
tt0401729,John Carter,John Carter,2012,2012-03-07,"Action, Adventure, Sci-Fi",132,USA,English,Andrew Stanton,"Andrew Stanton, Mark Andrews",Walt Disney Pictures,"Taylor Kitsch, Lynn Collins, Samantha Morton, Willem Dafoe, Thomas Haden Church, Mark Strong, Ciarán Hinds, Dominic West, James Purefoy, Bryan Cranston, Polly Walker, Daryl Sabara, Arkie Reece, Davood Ghadami, Pippa Nixon","Transported to Barsoom, a Civil War vet discovers a barren planet seemingly inhabited by 12-foot tall barbarians. Finding himself prisoner of these creatures, he escapes, only to encounter Woola and a princess in desperate need of a savior.",6.6,251828,$ 250000000,$ 73078100,$ 284139100,51.0,897.0,439.0,250000000.0,73078100.0,284139100.0,-176921900,34139100,Taylor Kitsch,Andrew Stanton,Andrew Stanton,Action,English,USA,4320
tt0405325,Sky High - Scuola di superpoteri,Sky High,2005,2005-10-21,"Adventure, Comedy, Family",100,USA,"English, Cantonese",Mike Mitchell,"Paul Hernandez, Bob Schooley",Walt Disney Pictures,"Michael Angarano, Kurt Russell, Kelly Preston, Danielle Panabaker, Christopher Wynne, Kevin Heffernan, Dee Jay Daniels, Kelly Vitz, Loren Berman, Nicholas Braun, Malika Haqq, Khadijah Haqq, Jake Sandvig, Will Harris, Mary Elizabeth Winstead","Set in an era where superheroes are commonly known and accepted, young William Stronghold, the son of the Commander and Jetstream, tries to find a balance between being a normal teenager and an extraordinary being.",6.2,77336,$ 35000000,$ 63946815,$ 86369815,62.0,243.0,135.0,35000000.0,63946815.0,86369815.0,28946815,51369815,Michael Angarano,Mike Mitchell,Paul Hernandez,Adventure,English,USA,4344
tt0407121,Winnie the Pooh e gli efelanti,Pooh's Heffalump Movie,2005,2005-03-18,"Animation, Comedy, Family",68,USA,English,Frank Nissen,"Brian Hohlfeld, Evan Spiliotopoulos",Walt Disney Pictures,"Jim Cummings, John Fiedler, Nikita Hopkins, Kath Soucie, Ken Sansom, Peter Cullen, Brenda Blethyn, Kyle Stanger","When Roo sets off on his own into the Hundred Acre Wood, he discovers a friendly and playful Heffalump named Lumpy.",6.4,6302,$ 20000000,$ 18098433,$ 52858433,64.0,32.0,45.0,20000000.0,18098433.0,52858433.0,-1901567,32858433,Jim Cummings,Frank Nissen,Brian Hohlfeld,Animation,English,USA,4356
tt0435761,Toy Story 3 - La grande fuga,Toy Story 3,2010,2010-07-07,"Animation, Adventure, Comedy",103,USA,"English, Spanish",Lee Unkrich,"John Lasseter, Andrew Stanton",Walt Disney Pictures,"Tom Hanks, Tim Allen, Joan Cusack, Ned Beatty, Don Rickles, Michael Keaton, Wallace Shawn, John Ratzenberger, Estelle Harris, John Morris, Jodi Benson, Emily Hahn, Laurie Metcalf, Blake Clark, Teddy Newton","The toys are mistakenly delivered to a day-care center instead of the attic right before Andy leaves for college, and it's up to Woody to convince the other toys that they weren't abandoned and to return home.",8.3,739717,$ 200000000,$ 415004880,$ 1066969703,92.0,893.0,477.0,200000000.0,415004880.0,1066969703.0,215004880,866969703,Tom Hanks,Lee Unkrich,John Lasseter,Animation,English,USA,4578
tt0445990,Imbattibile,Invincible,2006,2007-01-26,"Biography, Drama, Sport",105,USA,English,Ericson Core,Brad Gann,Walt Disney Pictures,"Mark Wahlberg, Greg Kinnear, Elizabeth Banks, Kevin Conway, Michael Rispoli, Kirk Acevedo, Dov Davidoff, Michael Kelly, Sal Darigo, Nicoye Banks, Turron Kofi Alleyne, Cosmo DeMatteo, Stink Fisher, Michael Mulheren, Michael Nouri","Based on the story of Vince Papale, a 30-year-old bartender from South Philadelphia who overcame long odds to play for the NFL's Philadelphia Eagles in 1976.",7.1,64773,$ 40000000,$ 57806952,$ 58480828,63.0,160.0,125.0,40000000.0,57806952.0,58480828.0,17806952,18480828,Mark Wahlberg,Ericson Core,Brad Gann,Biography,English,USA,4641
tt0449088,Pirati dei Caraibi - Ai confini del mondo,Pirates of the Caribbean: At World's End,2007,2007-05-23,"Action, Adventure, Fantasy",169,USA,English,Gore Verbinski,"Ted Elliott, Terry Rossio",Walt Disney Pictures,"Johnny Depp, Geoffrey Rush, Orlando Bloom, Keira Knightley, Jack Davenport, Bill Nighy, Jonathan Pryce, Lee Arenberg, Mackenzie Crook, Kevin McNally, David Bailie, Stellan Skarsgård, Tom Hollander, Naomie Harris, Martin Klebba","Captain Barbossa, Will Turner and Elizabeth Swann must sail off the edge of the map, navigate treachery and betrayal, find Jack Sparrow, and make their final alliances for one last decisive battle.",7.1,585229,$ 300000000,$ 309420425,$ 960996492,50.0,1296.0,327.0,300000000.0,309420425.0,960996492.0,9420425,660996492,Johnny Depp,Gore Verbinski,Ted Elliott,Action,English,USA,4661
tt0452681,Santa Clause è nei guai,The Santa Clause 3: The Escape Clause,2006,2006-11-24,"Adventure, Comedy, Family",97,"USA, Canada",English,Michael Lembeck,"Ed Decter, John J. Strauss",Walt Disney Pictures,"Tim Allen, Elizabeth Mitchell, Eric Lloyd, Judge Reinhold, Wendy Crewson, Spencer Breslin, Liliana Mumy, Martin Short, Ann-Margret, Alan Arkin, Abigail Breslin, Art LaFleur, Aisha Tyler, Kevin Pollak, Jay Thomas","Santa, aka Scott Calvin, is faced with double-duty: how to keep his new family happy, and how to stop Jack Frost from taking over Christmas.",4.7,31639,$ 12000000,$ 84500122,$ 110768122,32.0,116.0,82.0,12000000.0,84500122.0,110768122.0,72500122,98768122,Tim Allen,Michael Lembeck,Ed Decter,Adventure,English,USA,4691
tt0461770,Come d'incanto,Enchanted,2007,2007-12-07,"Animation, Comedy, Family",107,USA,English,Kevin Lima,Bill Kelly,Walt Disney Pictures,"Amy Adams, Patrick Dempsey, James Marsden, Timothy Spall, Idina Menzel, Rachel Covey, Susan Sarandon, Julie Andrews, Jeff Bennett, Kevin Lima, Emma Rose Lima, Teala Dunn, Fred Tatasciore, Courtney Williams, William Huntley","A young maiden in a land called Andalasia, who is prepared to be wed, is sent away to New York City by an evil Queen, where she falls in love with a lawyer.",7.0,173962,$ 85000000,$ 127807262,$ 340487652,75.0,421.0,231.0,85000000.0,127807262.0,340487652.0,42807262,255487652,Amy Adams,Kevin Lima,Bill Kelly,Animation,English,USA,4763
tt0465234,Il mistero delle pagine perdute,National Treasure: Book of Secrets,2007,2007-12-21,"Action, Adventure, Mystery",124,USA,"English, French",Jon Turteltaub,"Marianne Wibberley, Cormac Wibberley",Walt Disney Pictures,"Nicolas Cage, Justin Bartha, Diane Kruger, Jon Voight, Helen Mirren, Ed Harris, Harvey Keitel, Bruce Greenwood, Ty Burrell, Michael Maize, Timothy V. Murphy, Alicia Coppola, Armando Riesco, Albert Hall, Joel Gretsch",Benjamin Gates must follow a clue left in,6.5,215254,$ 130000000,$ 219964115,$ 459242249,48.0,324.0,176.0,130000000.0,219964115.0,459242249.0,89964115,329242249,Nicolas Cage,Jon Turteltaub,Marianne Wibberley,Action,English,USA,4795
tt0473075,Prince of Persia - Le sabbie del tempo,Prince of Persia: The Sands of Time,2010,2010-05-19,"Action, Adventure, Fantasy",116,USA,English,Mike Newell,"Boaz Yakin, Doug Miro",Walt Disney Pictures,"Jake Gyllenhaal, Gemma Arterton, Ben Kingsley, Alfred Molina, Steve Toussaint, Toby Kebbell, Richard Coyle, Ronald Pickup, Reece Ritchie, Gísli Örn Garðarsson, Claudio Pacifico, Thomas DuPont, Dave Pope, Domonkos Pardanyi, Massimiliano Ubaldi",A young fugitive prince and princess must stop a villain who unknowingly threatens to destroy the world with a special dagger that enables the magic sand inside to reverse time.,6.6,267921,$ 200000000,$ 90759676,$ 336365676,50.0,477.0,314.0,200000000.0,90759676.0,336365676.0,-109240324,136365676,Jake Gyllenhaal,Mike Newell,Boaz Yakin,Action,English,USA,4852
tt0492956,Cambio di gioco,The Game Plan,2007,2008-07-04,"Comedy, Family, Sport",110,USA,English,Andy Fickman,"Nichole Millard, Kathryn Price",Walt Disney Pictures,"Dwayne Johnson, Madison Pettis, Kyra Sedgwick, Roselyn Sanchez, Morris Chestnut, Hayes MacArthur, Brian White, Jamal Duff, Paige Turco, Tubbs, Gordon Clapp, Kate Nauta, Robert Torti, Jackie Flynn, Lauren Storm",An NFL quarterback living the bachelor lifestyle discovers that he has an 8-year-old daughter from a previous relationship.,6.1,57633,$ 22000000,$ 90648202,$ 147880543,44.0,91.0,116.0,22000000.0,90648202.0,147880543.0,68648202,125880543,Dwayne Johnson,Andy Fickman,Nichole Millard,Comedy,English,USA,4979
tt0499448,Le cronache di Narnia - Il principe Caspian,The Chronicles of Narnia: Prince Caspian,2008,2008-08-14,"Action, Adventure, Family",150,"USA, Poland, Slovenia, Czech Republic, UK",English,Andrew Adamson,"Andrew Adamson, Christopher Markus",Walt Disney Pictures,"Ben Barnes, Georgie Henley, Skandar Keynes, William Moseley, Anna Popplewell, Sergio Castellitto, Peter Dinklage, Warwick Davis, Vincent Grass, Pierfrancesco Favino, Cornell John, Damián Alcázar, Alicia Borrachero, Simón Andreu, Predrag Bjelac","The Pevensie siblings return to Narnia, where they are enlisted to once again help ward off an evil king and restore the rightful heir to the land's throne, Prince Caspian.",6.5,190392,$ 225000000,$ 141621490,$ 419665568,62.0,463.0,264.0,225000000.0,141621490.0,419665568.0,-83378510,194665568,Ben Barnes,Andrew Adamson,Andrew Adamson,Action,English,USA,5003
tt0960731,Racconti incantati,Bedtime Stories,2008,2009-03-27,"Comedy, Family, Fantasy",99,USA,English,Adam Shankman,"Matt Lopez, Tim Herlihy",Walt Disney Pictures,"Adam Sandler, Keri Russell, Guy Pearce, Russell Brand, Richard Griffiths, Teresa Palmer, Lucy Lawless, Courteney Cox, Jonathan Morgan Heit, Laura Ann Kesling, Jonathan Pryce, Nick Swardson, Kathryn Joosten, Allen Covert, Carmen Electra",A hotel handyman's life changes when the lavish bedtime stories he tells his niece and nephew start to magically come true.,6.0,86813,$ 80000000,$ 110101975,$ 212874864,33.0,133.0,149.0,80000000.0,110101975.0,212874864.0,30101975,132874864,Adam Sandler,Adam Shankman,Matt Lopez,Comedy,English,USA,5384
tt0962726,High School Musical 3: Senior Year,High School Musical 3: Senior Year,2008,2008-10-31,"Comedy, Drama, Family",112,USA,English,Kenny Ortega,"Peter Barsocchini, Peter Barsocchini",Walt Disney Pictures,"Zac Efron, Vanessa Hudgens, Ashley Tisdale, Lucas Grabeel, Corbin Bleu, Monique Coleman, Olesya Rulin, Chris Warren, Ryne Sanborn, KayCee Stroh, Bart Johnson, Alyson Reed, Matt Prokop, Justin Martin, Jemma McKenzie-Brown","As seniors in high school, Troy and Gabriella struggle with the idea of being separated from one another as college approaches. Along with the rest of the Wildcats, they stage a spring musical to address their experiences, hopes and fears about their future.",4.8,56762,$ 11000000,$ 90559416,$ 252909177,57.0,189.0,131.0,11000000.0,90559416.0,252909177.0,79559416,241909177,Zac Efron,Kenny Ortega,Peter Barsocchini,Comedy,English,USA,5390
tt0963966,L'apprendista stregone,The Sorcerer's Apprentice,2010,2010-08-18,"Action, Adventure, Family",109,USA,"English, Cantonese, Ukrainian",Jon Turteltaub,"Lawrence Konner, Mark Rosenthal",Walt Disney Pictures,"Nicolas Cage, Jay Baruchel, Alfred Molina, Teresa Palmer, Toby Kebbell, Omar Benson Miller, Monica Bellucci, Alice Krige, Jake Cherry, James A. Stephens, Gregory Woo, Wai Ching Ho, Jason R. Moore, Robert Capron, Peyton List",Master sorcerer Balthazar Blake must find and train Merlin's descendant to defeat dark sorceress Morgana la Fée.,6.1,150831,$ 150000000,$ 63150991,$ 215283742,46.0,260.0,241.0,150000000.0,63150991.0,215283742.0,-86849009,65283742,Nicolas Cage,Jon Turteltaub,Lawrence Konner,Action,English,USA,5395
tt0976238,Daddy Sitter,Old Dogs,2009,2010-03-26,"Comedy, Family",88,USA,"English, Ukrainian",Walt Becker,"David Diamond, David Weissman",Walt Disney Pictures,"John Travolta, Robin Williams, Kelly Preston, Conner Rayburn, Ella Bleu Travolta, Lori Loughlin, Seth Green, Bernie Mac, Matt Dillon, Ann-Margret, Rita Wilson, Amy Sedaris, Residente, Sab Shimono, Kevin Yamada",Two friends and business partners find their lives turned upside down when strange circumstances lead them to be the temporary guardians of seven year-old twins.,5.4,35916,$ 35000000,$ 49492060,$ 96753696,19.0,129.0,124.0,35000000.0,49492060.0,96753696.0,14492060,61753696,John Travolta,Walt Becker,David Diamond,Comedy,English,USA,5415
tt1014759,Alice in Wonderland,Alice in Wonderland,2010,2010-03-03,"Adventure, Family, Fantasy",108,"USA, UK",English,Tim Burton,"Linda Woolverton, Lewis Carroll",Walt Disney Pictures,"Johnny Depp, Mia Wasikowska, Helena Bonham Carter, Anne Hathaway, Crispin Glover, Matt Lucas, Michael Sheen, Stephen Fry, Alan Rickman, Barbara Windsor, Paul Whitehouse, Timothy Spall, Marton Csokas, Tim Pigott-Smith, John Surman","Nineteen-year-old Alice returns to the magical world from her childhood adventure, where she reunites with her old friends and learns of her true destiny: to end the Red Queen's reign of terror.",6.4,376706,$ 200000000,$ 334191110,$ 1025467110,53.0,790.0,471.0,200000000.0,334191110.0,1025467110.0,134191110,825467110,Johnny Depp,Tim Burton,Linda Woolverton,Adventure,English,USA,5465
tt1028576,Un anno da ricordare,Secretariat,2010,2011-06-24,"Biography, Drama, Family",123,USA,English,Randall Wallace,"Mike Rich, William Nack",Walt Disney Pictures,"Diane Lane, John Malkovich, Dylan Walsh, Margo Martindale, Nelsan Ellis, Otto Thorwarth, Fred Thompson, James Cromwell, Scott Glenn, Michael Harding, Richard Fullerton, Tim Ware, Nestor Serrano, Keith Austin, Kevin Connolly","Penny Chenery Tweedy and colleagues guide her long-shot but precocious stallion to set, in 1973, the unbeaten record for winning the Triple Crown.",7.2,26028,$ 35000000,$ 59713955,$ 60321861,61.0,144.0,166.0,35000000.0,59713955.0,60321861.0,24713955,25321861,Diane Lane,Randall Wallace,Mike Rich,Biography,English,USA,5494
tt1067106,A Christmas Carol,A Christmas Carol,2009,2009-12-03,"Animation, Drama, Family",96,USA,English,Robert Zemeckis,"Charles Dickens, Robert Zemeckis",Walt Disney Pictures,"Jim Carrey, Steve Valentine, Daryl Sabara, Sage Ryan, Amber Gainey Meade, Ryan Ochoa, Bobbi Page, Ron Bottitta, Sammi Hanratty, Julian Holloway, Gary Oldman, Colin Firth, Cary Elwes, Robin Wright, Bob Hoskins","An animated retelling of Charles Dickens' classic novel about a Victorian-era miser taken on a journey of self-redemption, courtesy of several mysterious Christmas apparitions.",6.8,98606,$ 200000000,$ 137855863,$ 325286646,55.0,278.0,254.0,200000000.0,137855863.0,325286646.0,-62144137,125286646,Jim Carrey,Robert Zemeckis,Charles Dickens,Animation,English,USA,5552
tt1075417,Corsa a Witch Mountain,Race to Witch Mountain,2009,2009-05-29,"Action, Adventure, Family",98,USA,English,Andy Fickman,"Matt Lopez, Mark Bomback",Walt Disney Pictures,"Dwayne Johnson, AnnaSophia Robb, Alexander Ludwig, Carla Gugino, Ciarán Hinds, Tom Everett Scott, Chris Marquette, Billy Brown, Garry Marshall, Kim Richards, Ike Eisenmann, Tom Woodruff Jr., John Duff, Bob Koherr, Kevin Christy",A Las Vegas cabbie enlists the help of a UFO expert to protect two siblings with paranormal powers from the clutches of an organization that wants to use the kids for their nefarious plans.,5.7,54752,$ 65000000,$ 67172594,$ 106387141,52.0,127.0,172.0,65000000.0,67172594.0,106387141.0,2172594,41387141,Dwayne Johnson,Andy Fickman,Matt Lopez,Action,English,USA,5567
tt1104001,Tron: Legacy,Tron,2010,2010-12-29,"Action, Adventure, Sci-Fi",125,USA,English,Joseph Kosinski,"Edward Kitsis, Adam Horowitz",Walt Disney Pictures,"Jeff Bridges, Garrett Hedlund, Olivia Wilde, Bruce Boxleitner, James Frain, Beau Garrett, Michael Sheen, Anis Cheurfa, Serinda Swan, Yaya DaCosta, Elizabeth Mathis, Yurij Kis, Conrad Coates, Daft Punk, Ron Selmour",The son of a virtual world designer goes looking for his father and ends up inside the digital world that his father designed. He meets his father's corrupted creation and a unique ally who was born inside the digital world.,6.8,309135,$ 170000000,$ 172062763,$ 400062763,49.0,747.0,487.0,170000000.0,172062763.0,400062763.0,2062763,230062763,Jeff Bridges,Joseph Kosinski,Edward Kitsis,Action,English,USA,5610
tt1142977,Frankenweenie,Frankenweenie,2012,2013-01-17,"Animation, Comedy, Family",87,USA,English,Tim Burton,"Leonard Ripps, Tim Burton",Walt Disney Pictures,"Catherine O'Hara, Martin Short, Martin Landau, Charlie Tahan, Atticus Shaffer, Winona Ryder, Robert Capron, James Hiroyuki Liao, Conchata Ferrell, Tom Kenny","When a boy's beloved dog passes away suddenly, he attempts to bring the animal back to life through a powerful science experiment.",6.9,95469,$ 39000000,$ 35291068,$ 81491068,74.0,196.0,389.0,39000000.0,35291068.0,81491068.0,-3708932,42491068,Catherine O'Hara,Tim Burton,Leonard Ripps,Animation,English,USA,5675
tt1204342,I Muppet,The Muppets,2011,2012-02-03,"Adventure, Comedy, Family",120,USA,English,James Bobin,"Jason Segel, Nicholas Stoller",Walt Disney Pictures,"Jason Segel, Amy Adams, Chris Cooper, Rashida Jones, Steve Whitmire, Eric Jacobson, Dave Goelz, Bill Barretta, David Rudman, Matt Vogel, Peter Linz, Alan Arkin, Bill Cobbs, Zach Galifianakis, Ken Jeong",A Muppet fanatic with some help from his 2 human compatriots must regroup the Muppet gang to stop an avaricious oil mogul from taking down one of their precious life-longing treasures.,7.1,86116,$ 45000000,$ 88631237,$ 165184237,75.0,258.0,406.0,45000000.0,88631237.0,165184237.0,43631237,120184237,Jason Segel,James Bobin,Jason Segel,Adventure,English,USA,5773
tt1210819,The Lone Ranger,The Lone Ranger,2013,2013-07-03,"Action, Adventure, Comedy",150,USA,"English, North American Indian",Gore Verbinski,"Justin Haythe, Ted Elliott",Walt Disney Pictures,"Johnny Depp, Armie Hammer, William Fichtner, Tom Wilkinson, Ruth Wilson, Helena Bonham Carter, James Badge Dale, Bryant Prince, Barry Pepper, Mason Cook, JD Cullum, Saginaw Grant, Harry Treadaway, James Frain, Joaquín Cosio","Native American warrior Tonto recounts the untold tales that transformed John Reid, a man of the law, into a legend of justice.",6.4,218067,$ 215000000,$ 89302115,$ 260502115,37.0,770.0,467.0,215000000.0,89302115.0,260502115.0,-125697885,45502115,Johnny Depp,Gore Verbinski,Justin Haythe,Action,English,USA,5785
tt1216475,Cars 2,Cars 2,2011,2011-06-22,"Animation, Adventure, Comedy",106,USA,"English, Japanese, Italian, French","John Lasseter, Bradford Lewis","John Lasseter, Bradford Lewis",Walt Disney Pictures,"Larry the Cable Guy, Owen Wilson, Michael Caine, Emily Mortimer, Eddie Izzard, John Turturro, Brent Musburger, Joe Mantegna, Thomas Kretschmann, Peter Jacobson, Bonnie Hunt, Darrell Waltrip, Franco Nero, David Hobbs, Patrick Walker",Star race car Lightning McQueen and his pal Mater head overseas to compete in the World Grand Prix race. But the road to the championship becomes rocky as Mater gets caught up in an intriguing adventure of his own: international espionage.,6.1,155043,$ 200000000,$ 191452396,$ 559852396,57.0,338.0,319.0,200000000.0,191452396.0,559852396.0,-8547604,359852396,Larry the Cable Guy,John Lasseter,John Lasseter,Animation,English,USA,5802
tt1217209,Ribelle: The Brave,Brave,2012,2012-09-05,"Animation, Adventure, Comedy",93,"USA, UK",English,"Mark Andrews, Brenda Chapman","Brenda Chapman, Mark Andrews",Walt Disney Pictures,"Kelly Macdonald, Billy Connolly, Emma Thompson, Julie Walters, Robbie Coltrane, Kevin McKidd, Craig Ferguson, Sally Kinghorn, Eilidh Fraser, Peigi Barker, Steven Cree, Steve Purcell, Callum O'Neill, Patrick Doyle, John Ratzenberger","Determined to make her own path in life, Princess Merida (Kelly Macdonald) defies a custom that brings chaos to her kingdom. Granted one wish, Merida must rely on her bravery and her archery skills to undo a beastly curse.",7.1,364295,$ 185000000,$ 237283207,$ 538983207,69.0,518.0,509.0,185000000.0,237283207.0,538983207.0,52283207,353983207,Kelly Macdonald,Mark Andrews,Brenda Chapman,Animation,English,USA,5806
tt1298650,Pirati dei Caraibi - Oltre i confini del mare,Pirates of the Caribbean: On Stranger Tides,2011,2011-05-18,"Action, Adventure, Fantasy",137,"USA, UK","English, Spanish",Rob Marshall,"Ted Elliott, Terry Rossio",Walt Disney Pictures,"Johnny Depp, Penélope Cruz, Geoffrey Rush, Ian McShane, Kevin McNally, Sam Claflin, Astrid Bergès-Frisbey, Stephen Graham, Keith Richards, Richard Griffiths, Greg Ellis, Damian O'Hare, Óscar Jaenada, Anton Lesser, Roger Allam","Jack Sparrow and Barbossa embark on a quest to find the elusive fountain of youth, only to discover that Blackbeard and his daughter are after it too.",6.6,472435,$ 250000000,$ 241071802,$ 1045713802,45.0,536.0,468.0,250000000.0,241071802.0,1045713802.0,-8928198,795713802,Johnny Depp,Rob Marshall,Ted Elliott,Action,English,USA,5948
tt1305591,Milo su Marte,Mars Needs Moms,2011,2011-06-01,"Animation, Action, Adventure",88,USA,English,Simon Wells,"Simon Wells, Wendy Wells",Walt Disney Pictures,"Seth Green, Dan Fogler, Joan Cusack, Elisabeth Harnois, Mindy Sterling, Kevin Cahoon, Tom Everett Scott, Jacquie Barnbrook, Matthew Henerson, Adam Jennings, Stephen Kearin, Amber Gainey Meade, Aaron Rapke, Julene Renee, Kirsten Severson",A young boy named Milo gains a deeper appreciation for his mom after Martians come to Earth to take her away.,5.4,20780,$ 150000000,$ 21392758,$ 39233678,49.0,127.0,134.0,150000000.0,21392758.0,39233678.0,-128607242,-110766322,Seth Green,Simon Wells,Simon Wells,Animation,English,USA,5956
tt1449283,Winnie the Pooh - Nuove avventure nel Bosco dei Cento Acri,Winnie the Pooh,2011,2011-04-20,"Animation, Adventure, Comedy",63,USA,English,"Stephen J. Anderson, Don Hall","Stephen J. Anderson, Clio Chiang",Walt Disney Pictures,"John Cleese, Jim Cummings, Bud Luckey, Craig Ferguson, Jack Boulter, Travis Oates, Kristen Anderson-Lopez, Wyatt Dean Hall, Tom Kenny, Huell Howser, Lisa Linder, Robert Lopez","While searching for honey, Pooh and his friends embark on an adventure to find Eeyore's missing tail and rescue Christopher Robin from an unknown monster called The Backson.",7.2,21288,$ 30000000,$ 26692846,$ 49871429,74.0,69.0,164.0,30000000.0,26692846.0,49871429.0,-3307154,19871429,John Cleese,Stephen J. Anderson,Stephen J. Anderson,Animation,English,USA,6143
tt1453405,Monsters University,Monsters University,2013,2013-08-21,"Animation, Adventure, Comedy",104,USA,English,Dan Scanlon,"Dan Scanlon, Daniel Gerson",Walt Disney Pictures,"Billy Crystal, John Goodman, Steve Buscemi, Helen Mirren, Peter Sohn, Joel Murray, Sean Hayes, Dave Foley, Charlie Day, Alfred Molina, Tyler Labine, Nathan Fillion, Aubrey Plaza, Bobby Moynihan, Noah Johnston","A look at the relationship between Mike Wazowski (Billy Crystal) and James P. ""Sully"" Sullivan (John Goodman) during their days at Monsters University, when they weren't necessarily the best of friends.",7.3,313986,$ 200000000,$ 268492764,$ 743559607,65.0,336.0,395.0,200000000.0,268492764.0,743559607.0,68492764,543559607,Billy Crystal,Dan Scanlon,Dan Scanlon,Animation,English,USA,6146
tt1623205,Il grande e potente Oz,Oz the Great and Powerful,2013,2013-03-07,"Adventure, Family, Fantasy",130,USA,English,Sam Raimi,"Mitchell Kapner, David Lindsay-Abaire",Walt Disney Pictures,"James Franco, Mila Kunis, Rachel Weisz, Michelle Williams, Zach Braff, Bill Cobbs, Joey King, Tony Cox, Stephen R. Hart, Abigail Spencer, Bruce Campbell, Ted Raimi, Tim Holmes, Toni Wynne, Rob Crites","A frustrated circus magician from Kansas is transported to a magical land called Oz, where he will have to fulfill a prophecy to become the king, and release the land from the Wicked Witches using his great (but fake) powers.",6.3,197337,$ 215000000,$ 234911825,$ 493311825,44.0,539.0,545.0,215000000.0,234911825.0,493311825.0,19911825,278311825,James Franco,Sam Raimi,Mitchell Kapner,Adventure,English,USA,6383
tt1647668,Million Dollar Arm,Million Dollar Arm,2014,2014-05-16,"Biography, Drama, Sport",124,USA,"English, Hindi",Craig Gillespie,Tom McCarthy,Walt Disney Pictures,"Jon Hamm, Pitobash, Suraj Sharma, Madhur Mittal, Aasif Mandvi, Darshan Jariwala, Lake Bell, Alan Arkin, Bill Paxton, Gregory Alan Williams, Allyn Rachel, Tzi Ma, Rey Maualuga, Bar Paly, Jaspaul Sandhu",A sports agent stages an unconventional recruitment strategy to get talented Indian cricket players to play Major League Baseball.,7.0,42861,$ 25000000,$ 36457627,$ 38483455,56.0,109.0,153.0,25000000.0,36457627.0,38483455.0,11457627,13483455,Jon Hamm,Craig Gillespie,Tom McCarthy,Biography,English,USA,6414
tt1698641,Una fantastica e incredibile giornata da dimenticare,"Alexander and the Terrible, Horrible, No Good, Very Bad Day",2014,2014-10-10,"Comedy, Family",81,USA,English,Miguel Arteta,"Rob Lieber, Rob Lieber",Walt Disney Pictures,"Steve Carell, Jennifer Garner, Ed Oxenbould, Dylan Minnette, Kerris Dorsey, Elise Vargas, Zoey Vargas, Sidney Fullmer, Bella Thorne, Megan Mullally, Mekai Curtis, Lincoln Melcher, Reese Hartwig, Martha Hackett, Mary Mouser","Alexander's day begins with gum stuck in his hair, followed by more calamities. However, he finds little sympathy from his family and begins to wonder if bad things only happen to him, his mom, dad, brother and sister - who all find themselves living through their own terrible, horrible, no good, very bad day.",6.2,39946,$ 28000000,$ 66954149,$ 100654149,54.0,109.0,123.0,28000000.0,66954149.0,100654149.0,38954149,72654149,Steve Carell,Miguel Arteta,Rob Lieber,Comedy,English,USA,6492
tt1790809,Pirati dei Caraibi - La vendetta di Salazar,Pirates of the Caribbean: Dead Men Tell No Tales,2017,2017-05-24,"Action, Adventure, Fantasy",129,"USA, Australia, UK, Canada","English, Spanish","Joachim Rønning, Espen Sandberg","Jeff Nathanson, Jeff Nathanson",Walt Disney Pictures,"Johnny Depp, Javier Bardem, Geoffrey Rush, Brenton Thwaites, Kaya Scodelario, Kevin McNally, Golshifteh Farahani, David Wenham, Stephen Graham, Angus Barnett, Martin Klebba, Adam Brown, Giles New, Orlando Bloom, Keira Knightley",Captain Jack Sparrow is pursued by old rival Captain Salazar and a crew of deadly ghosts who have escaped from the Devil's Triangle. They're determined to kill every pirate at sea...notably Jack.,6.6,254613,$ 230000000,$ 172558876,$ 794878815,39.0,650.0,413.0,230000000.0,172558876.0,794878815.0,-57441124,564878815,Johnny Depp,Joachim Rønning,Jeff Nathanson,Action,English,USA,6598
tt1964418,Tomorrowland - Il mondo di domani,Tomorrowland,2015,2015-05-21,"Action, Adventure, Family",130,"USA, Spain, France, Canada, UK","English, French, Japanese",Brad Bird,"Damon Lindelof, Brad Bird",Walt Disney Pictures,"George Clooney, Hugh Laurie, Britt Robertson, Raffey Cassidy, Tim McGraw, Kathryn Hahn, Keegan-Michael Key, Chris Bauer, Thomas Robinson, Pierce Gagnon, Matthew MacCaull, Judy Greer, Matthew Kevin Anderson, Michael Giacchino, D. Harlan Cutshall","Bound by a shared destiny, a teen bursting with scientific curiosity and a former boy-genius inventor embark on a mission to unearth the secrets of a place somewhere in time and space that exists in their collective memory.",6.4,169586,$ 190000000,$ 93436322,$ 209035668,60.0,593.0,475.0,190000000.0,93436322.0,209035668.0,-96563678,19035668,George Clooney,Brad Bird,Damon Lindelof,Action,English,USA,6756
tt2025690,L'ultima tempesta,The Finest Hours,2016,2016-03-31,"Action, Drama, History",117,USA,English,Craig Gillespie,"Scott Silver, Paul Tamasy",Walt Disney Pictures,"Chris Pine, Casey Affleck, Ben Foster, Eric Bana, Holliday Grainger, John Ortiz, Kyle Gallner, John Magaro, Graham McTavish, Michael Raymond-James, Beau Knapp, Josh Stewart, Abraham Benrubi, Keiynan Lonsdale, Rachel Brosnahan",The Coast Guard makes a daring rescue attempt off the coast of Cape Cod after a pair of oil tankers are destroyed during a blizzard in 1952.,6.8,60434,$ 80000000,$ 27569558,$ 52099090,58.0,201.0,202.0,80000000.0,27569558.0,52099090.0,-52430442,-27900910,Chris Pine,Craig Gillespie,Scott Silver,Action,English,USA,6819
tt2140373,Saving Mr. Banks,Saving Mr. Banks,2013,2014-02-20,"Biography, Comedy, Drama",125,"USA, UK, Australia",English,John Lee Hancock,"Kelly Marcel, Sue Smith",Walt Disney Pictures,"Emma Thompson, Tom Hanks, Annie Rose Buckley, Colin Farrell, Ruth Wilson, Paul Giamatti, Bradley Whitford, B.J. Novak, Jason Schwartzman, Lily Bigham, Kathy Baker, Melanie Paxson, Andy McPhee, Rachel Griffiths, Ronan Vibert",Author,7.5,149140,$ 35000000,$ 83301580,$ 117867984,65.0,355.0,422.0,35000000.0,83301580.0,117867984.0,48301580,82867984,Emma Thompson,John Lee Hancock,Kelly Marcel,Biography,English,USA,6896
tt2281587,Muppets 2 - Ricercati,Muppets Most Wanted,2014,2014-03-21,"Adventure, Comedy, Crime",107,USA,"English, German",James Bobin,"James Bobin, Nicholas Stoller",Walt Disney Pictures,"Ricky Gervais, Ty Burrell, Tina Fey, Steve Whitmire, Eric Jacobson, Dave Goelz, Bill Barretta, David Rudman, Matt Vogel, Peter Linz, Tony Bennett, Hugh Bonneville, William Brand, Andrés Cantor, Jemaine Clement","While on a grand world tour,",6.4,30943,$ 50000000,$ 51183113,$ 80383113,61.0,125.0,282.0,50000000.0,51183113.0,80383113.0,1183113,30383113,Ricky Gervais,James Bobin,James Bobin,Adventure,English,USA,6979
tt2380307,Coco,Coco,2017,2017-12-28,"Animation, Adventure, Family",105,USA,"English, Spanish","Lee Unkrich, Adrian Molina","Lee Unkrich, Jason Katz",Walt Disney Pictures,"Anthony Gonzalez, Gael García Bernal, Benjamin Bratt, Alanna Ubach, Renee Victor, Jaime Camil, Alfonso Arau, Herbert Siguenza, Gabriel Iglesias, Lombardo Boyar, Ana Ofelia Murguía, Natalia Cordova-Buckley, Selene Luna, Edward James Olmos, Sofía Espinosa","Aspiring musician Miguel, confronted with his family's ancestral ban on music, enters the Land of the Dead to find his great-great-grandfather, a legendary singer.",8.4,352455,$ 175000000,$ 209726015,$ 807083670,81.0,1101.0,408.0,175000000.0,209726015.0,807083670.0,34726015,632083670,Anthony Gonzalez,Lee Unkrich,Lee Unkrich,Animation,English,USA,7066
tt2527336,Star Wars - Gli ultimi Jedi,Star Wars: Episode VIII - The Last Jedi,2017,2017-12-13,"Action, Adventure, Fantasy",152,USA,English,Rian Johnson,"Rian Johnson, George Lucas",Walt Disney Pictures,"Mark Hamill, Carrie Fisher, Adam Driver, Daisy Ridley, John Boyega, Oscar Isaac, Andy Serkis, Lupita Nyong'o, Domhnall Gleeson, Anthony Daniels, Gwendoline Christie, Kelly Marie Tran, Laura Dern, Benicio Del Toro, Frank Oz","Rey develops her newly discovered abilities with the guidance of Luke Skywalker, who is unsettled by the strength of her powers. Meanwhile, the Resistance prepares for battle with the First Order.",7.0,547797,$ 317000000,$ 620181382,$ 1332540187,84.0,6718.0,717.0,317000000.0,620181382.0,1332540187.0,303181382,1015540187,Mark Hamill,Rian Johnson,Rian Johnson,Action,English,USA,7144
tt2527338,Star Wars: L'ascesa di Skywalker,Star Wars: Episode IX - The Rise of Skywalker,2019,2019-12-18,"Action, Adventure, Fantasy",141,USA,English,J.J. Abrams,"Chris Terrio, J.J. Abrams",Walt Disney Pictures,"Carrie Fisher, Mark Hamill, Adam Driver, Daisy Ridley, John Boyega, Oscar Isaac, Anthony Daniels, Naomi Ackie, Domhnall Gleeson, Richard E. Grant, Lupita Nyong'o, Keri Russell, Joonas Suotamo, Kelly Marie Tran, Ian McDiarmid","The surviving members of the resistance face the First Order once again, and the legendary conflict between the Jedi and the Sith reaches its peak bringing the Skywalker saga to its end.",6.6,347274,$ 275000000,$ 515202542,$ 1074144248,53.0,7553.0,502.0,275000000.0,515202542.0,1074144248.0,240202542,799144248,Carrie Fisher,J.J. Abrams,Chris Terrio,Action,English,USA,7145
tt2567026,Alice attraverso lo specchio,Alice Through the Looking Glass,2016,2016-05-25,"Adventure, Family, Fantasy",113,"USA, UK",English,James Bobin,"Linda Woolverton, Lewis Carroll",Walt Disney Pictures,"Johnny Depp, Mia Wasikowska, Helena Bonham Carter, Anne Hathaway, Sacha Baron Cohen, Rhys Ifans, Matt Lucas, Lindsay Duncan, Leo Bill, Geraldine James, Andrew Scott, Richard Armitage, Ed Speleers, Alan Rickman, Timothy Spall",Alice returns to the whimsical world of Wonderland and travels back in time to help the Mad Hatter.,6.2,89612,$ 170000000,$ 77041381,$ 299457024,34.0,231.0,274.0,170000000.0,77041381.0,299457024.0,-92958619,129457024,Johnny Depp,James Bobin,Linda Woolverton,Adventure,English,USA,7163
tt2788732,Il drago invisibile,Pete's Dragon,2016,2016-08-10,"Action, Adventure, Comedy",102,USA,English,David Lowery,"David Lowery, Toby Halbrooks",Walt Disney Pictures,"Bryce Dallas Howard, Robert Redford, Oakes Fegley, Oona Laurence, Wes Bentley, Karl Urban, Isiah Whitlock Jr., Marcus Henderson, Aaron Jackson, Phil Grieve, Steve Barr, Keagan Carr Fransch, Jade Valour, Augustine Frizzell, Francis Biggs","The adventures of an orphaned boy named Pete and his best friend Elliott, who happens to be a dragon.",6.7,52936,$ 65000000,$ 76233151,$ 143695338,71.0,165.0,242.0,65000000.0,76233151.0,143695338.0,11233151,78695338,Bryce Dallas Howard,David Lowery,David Lowery,Action,English,USA,7227
tt2948356,Zootropolis,Zootopia,2016,2016-02-18,"Animation, Adventure, Comedy",108,USA,English,"Byron Howard, Rich Moore","Byron Howard, Rich Moore",Walt Disney Pictures,"Ginnifer Goodwin, Jason Bateman, Idris Elba, Jenny Slate, Nate Torrence, Bonnie Hunt, Don Lake, Tommy Chong, J.K. Simmons, Octavia Spencer, Alan Tudyk, Shakira, Raymond S. Persi, Della Saba, Maurice LaMarche","In a city of anthropomorphic animals, a rookie bunny cop and a cynical con artist fox must work together to uncover a conspiracy.",8.0,421174,$ 150000000,$ 341268248,$ 1023789075,78.0,714.0,480.0,150000000.0,341268248.0,1023789075.0,191268248,873789075,Ginnifer Goodwin,Byron Howard,Byron Howard,Animation,English,USA,7280
tt3501632,Thor: Ragnarok,Thor: Ragnarok,2017,2017-10-25,"Action, Adventure, Comedy",130,USA,English,Taika Waititi,"Eric Pearson, Craig Kyle",Walt Disney Pictures,"Chris Hemsworth, Tom Hiddleston, Cate Blanchett, Idris Elba, Jeff Goldblum, Tessa Thompson, Karl Urban, Mark Ruffalo, Anthony Hopkins, Benedict Cumberbatch, Taika Waititi, Rachel House, Clancy Brown, Tadanobu Asano, Ray Stevenson","Imprisoned on the planet Sakaar, Thor must race against time to return to Asgard and stop Ragnarök, the destruction of his world, at the hands of the powerful and ruthless villain Hela.",7.9,564511,$ 180000000,$ 315058289,$ 853979142,74.0,1600.0,520.0,180000000.0,315058289.0,853979142.0,135058289,673979142,Chris Hemsworth,Taika Waititi,Eric Pearson,Action,English,USA,7432
tt3606756,Gli Incredibili 2,Incredibles 2,2018,2018-09-19,"Animation, Action, Adventure",118,USA,English,Brad Bird,Brad Bird,Walt Disney Pictures,"Craig T. Nelson, Holly Hunter, Sarah Vowell, Huck Milner, Catherine Keener, Eli Fucile, Bob Odenkirk, Samuel L. Jackson, Michael Bird, Sophia Bush, Brad Bird, Phil LaMarr, Isabella Rossellini, Adam Gates, Jonathan Banks","The Incredibles hero family takes on a new mission, which involves a change in family roles: Bob Parr (Mr Incredible) must manage the house while his wife Helen (Elastigirl) goes out to save the world.",7.6,239495,$ 200000000,$ 608581744,$ 1242805359,80.0,1074.0,395.0,200000000.0,608581744.0,1242805359.0,408581744,1042805359,Craig T. Nelson,Brad Bird,Brad Bird,Animation,English,USA,7460
tt3691740,Il GGG - Il grande gigante gentile,The BFG,2016,2016-12-30,"Adventure, Family, Fantasy",117,"USA, India, UK",English,Steven Spielberg,"Melissa Mathison, Roald Dahl",Walt Disney Pictures,"Mark Rylance, Ruby Barnhill, Penelope Wilton, Jemaine Clement, Rebecca Hall, Rafe Spall, Bill Hader, Ólafur Darri Ólafsson, Adam Godley, Michael Adamthwaite, Daniel Bacon, Jonathan Holmes, Chris Gibbs, Paul Moniz de Sa, Marilyn Norry","An orphan little girl befriends a benevolent giant who takes her to Giant Country, where they attempt to stop the man-eating giants that are invading the human world.",6.4,75533,$ 140000000,$ 55483770,$ 195243411,66.0,251.0,372.0,140000000.0,55483770.0,195243411.0,-84516230,55243411,Mark Rylance,Steven Spielberg,Melissa Mathison,Adventure,English,USA,7476
tt3861390,Dumbo,Dumbo,2019,2019-03-28,"Adventure, Family, Fantasy",112,"USA, UK, Australia, Canada","English, French",Tim Burton,"Ehren Kruger, Helen Aberson",Walt Disney Pictures,"Colin Farrell, Michael Keaton, Danny DeVito, Eva Green, Alan Arkin, Nico Parker, Finley Hobbins, Roshan Seth, Lars Eidinger, Deobia Oparei, Joseph Gatt, Miguel Muñoz Segura, Zenaida Alcalde, Douglas Reith, Phil Zimmerman","A young elephant, whose oversized ears enable him to fly, helps save a struggling circus, but when the circus plans a new venture, Dumbo and his friends discover dark secrets beneath its shiny veneer.",6.3,62609,$ 170000000,$ 114766307,$ 353284621,51.0,743.0,323.0,170000000.0,114766307.0,353284621.0,-55233693,183284621,Colin Farrell,Tim Burton,Ehren Kruger,Adventure,English,USA,7528
tt4154664,Captain Marvel,Captain Marvel,2019,2019-03-06,"Action, Adventure, Sci-Fi",123,"USA, Australia",English,"Anna Boden, Ryan Fleck","Anna Boden, Ryan Fleck",Walt Disney Pictures,"Brie Larson, Samuel L. Jackson, Ben Mendelsohn, Jude Law, Annette Bening, Djimon Hounsou, Lee Pace, Lashana Lynch, Gemma Chan, Clark Gregg, Rune Temte, Algenis Perez Soto, Mckenna Grace, Akira Akbar, Matthew Maher",Carol Danvers becomes one of the universe's most powerful heroes when Earth is caught in the middle of a galactic war between two alien races.,6.9,422676,$ 160000000,$ 426829839,$ 1128276090,64.0,7207.0,513.0,160000000.0,426829839.0,1128276090.0,266829839,968276090,Brie Larson,Anna Boden,Anna Boden,Action,English,USA,7583
tt4777008,Maleficent - Signora del male,Maleficent: Mistress of Evil,2019,2019-10-17,"Adventure, Family, Fantasy",119,"USA, UK, Canada",English,Joachim Rønning,"Linda Woolverton, Noah Harpster",Walt Disney Pictures,"Angelina Jolie, Elle Fanning, Harris Dickinson, Michelle Pfeiffer, Sam Riley, Chiwetel Ejiofor, Ed Skrein, Robert Lindsay, David Gyasi, Jenn Murray, Juno Temple, Lesley Manville, Imelda Staunton, Judith Shekoni, Miyavi","Maleficent and her goddaughter Aurora begin to question the complex family ties that bind them as they are pulled in different directions by impending nuptials, unexpected allies and dark new forces at play.",6.6,76696,$ 185000000,$ 113929605,$ 491730089,43.0,683.0,225.0,185000000.0,113929605.0,491730089.0,-71070395,306730089,Angelina Jolie,Joachim Rønning,Linda Woolverton,Adventure,English,USA,7716
tt5523010,Lo schiaccianoci e i quattro regni,The Nutcracker and the Four Realms,2018,2018-10-31,"Adventure, Family, Fantasy",99,"USA, Canada","English, French","Lasse Hallström, Joe Johnston","Ashleigh Powell, E.T.A. Hoffmann",Walt Disney Pictures,"Mackenzie Foy, Tom Sweet, Meera Syal, Ellie Bamber, Matthew Macfadyen, Nick Mohammed, Charles Streeter, Morgan Freeman, Jayden Fowora-Knight, Prince, Helen Mirren, Omid Djalili, Jack Whitehall, Eugenio Derbez, Richard E. Grant",A young girl is transported into a magical world of gingerbread soldiers and an army of mice.,5.5,26839,$ 120000000,$ 54858851,$ 173961069,39.0,428.0,173.0,120000000.0,54858851.0,173961069.0,-65141149,53961069,Mackenzie Foy,Lasse Hallström,Ashleigh Powell,Adventure,English,USA,7828
tt6105098,Il Re Leone,The Lion King,2019,2019-08-21,"Animation, Adventure, Drama",118,"USA, UK, South Africa","English, Xhosa, Zulu, French, Spanish",Jon Favreau,"Jeff Nathanson, Irene Mecchi",Walt Disney Pictures,"Chiwetel Ejiofor, John Oliver, James Earl Jones, John Kani, Alfre Woodard, JD McCrary, Shahadi Wright Joseph, Penny Johnson Jerald, Keegan-Michael Key, Eric André, Florence Kasumba, Seth Rogen, Billy Eichner, Amy Sedaris, Chance the Rapper","After the murder of his father, a young lion prince flees his kingdom only to learn the true meaning of responsibility and bravery.",6.9,199521,$ 260000000,$ 543638043,$ 1656963790,55.0,2898.0,370.0,260000000.0,543638043.0,1656963790.0,283638043,1396963790,Chiwetel Ejiofor,Jon Favreau,Jeff Nathanson,Animation,English,USA,7919
tt6139732,Aladdin,Aladdin,2019,2019-05-22,"Adventure, Family, Fantasy",128,"UK, USA, Australia","English, Arabic",Guy Ritchie,"John August, Guy Ritchie",Walt Disney Pictures,"Will Smith, Mena Massoud, Naomi Scott, Marwan Kenzari, Navid Negahban, Nasim Pedrad, Billy Magnussen, Jordan A. Nash, Taliyah Blair, Aubrey Lin, Amir Boutrous, Numan Acar, Omari Bernard, Nathaniel Ellul, Sebastien Torkia",A kind-hearted street urchin and a power-hungry Grand Vizier vie for a magic lamp that has the power to make their deepest wishes come true.,7.0,215140,$ 183000000,$ 355559216,$ 1050693953,53.0,2299.0,349.0,183000000.0,355559216.0,1050693953.0,172559216,867693953,Will Smith,Guy Ritchie,John August,Adventure,English,UK,7924
